"Lists","In","Id","Name","End","Cat"
"4","2026 Skyrim AE Remaster; LoreRim; Skyrim Enhanced 2026; The 2026 *MOSTLY* Graphical Mod-list","523","Immersive Sounds - Compendium","100746","Audio"
"4","2026 Skyrim AE Remaster; Gate To Sovngarde; LoreRim; Skyrim Enhanced 2026","35785","Expressive Facegen Morphs SE","59601","Body, Face, and Hair"
"4","2026 Skyrim AE Remaster; Gate To Sovngarde; LoreRim; Skyrim Enhanced 2026","64420","Gesture Animation Remix (OAR)","18445","Animation"
"4","2026 Skyrim AE Remaster; Gate To Sovngarde; LoreRim; Skyrim Enhanced 2026","81409","Constructible Object Custom Keyword System","16857","User Interface"
"4","2026 Skyrim AE Remaster; Gate To Sovngarde; LoreRim; Skyrim Enhanced 2026","73293","Dynamic Animation Casting - NG","11178","Animation"
"4","2026 Skyrim AE Remaster; Gate To Sovngarde; LoreRim; The 2026 *MOSTLY* Graphical Mod-list","52845","Skeleton Replacer HD - SE","10276","Models and Textures"
"4","2026 Skyrim AE Remaster; Gate To Sovngarde; LoreRim; Skyrim Enhanced 2026","92948","Media Keys Fix SKSE","7598","Bug Fixes"
"4","2026 Skyrim AE Remaster; Gate To Sovngarde; LoreRim; The 2026 *MOSTLY* Graphical Mod-list","132110","Horse Save Load Fix","3418","Bug Fixes"
"4","2026 Skyrim AE Remaster; Gate To Sovngarde; LoreRim; Skyrim Enhanced 2026","56196","Store Entrance Doorbells","3252","Immersion"
"3","2026 Skyrim AE Remaster; LoreRim; Skyrim Enhanced 2026","6817","KS Hairdos SSE","145228","Body, Face, and Hair"
"3","Gate To Sovngarde; Skyrim Enhanced 2026; The 2026 *MOSTLY* Graphical Mod-list","2424","Enhanced Lights and FX","139492","Visuals and Graphics"
"3","2026 Skyrim AE Remaster; Skyrim Enhanced 2026; The 2026 *MOSTLY* Graphical Mod-list","6289","JK's Skyrim","95646","Cities, Towns, Villages, and Hamlets"
"3","2026 Skyrim AE Remaster; Skyrim Enhanced 2026; The 2026 *MOSTLY* Graphical Mod-list","8834","Blended Roads","66988","Models and Textures"
"3","2026 Skyrim AE Remaster; LoreRim; The 2026 *MOSTLY* Graphical Mod-list","12029","High Poly Project","47920","Models and Textures"
"3","2026 Skyrim AE Remaster; LoreRim; The 2026 *MOSTLY* Graphical Mod-list","5442","PELTAPALOOZA - Special Edition","32191","Models and Textures"
"3","2026 Skyrim AE Remaster; LoreRim; The 2026 *MOSTLY* Graphical Mod-list","65720","Particle Patch","28854","Visuals and Graphics"
"3","2026 Skyrim AE Remaster; LoreRim; The 2026 *MOSTLY* Graphical Mod-list","6179","GIANT","25839","Models and Textures"
"3","LoreRim; Skyrim Enhanced 2026; The 2026 *MOSTLY* Graphical Mod-list","32376","Glorious Doors of Skyrim (GDOS) SE","25723","Models and Textures"
"3","2026 Skyrim AE Remaster; LoreRim; Skyrim Enhanced 2026","91616","SMP-NPC crash fix","24970","Bug Fixes"
"3","2026 Skyrim AE Remaster; Gate To Sovngarde; LoreRim","8607","Smoking Torches and Candles","23235","Visuals and Graphics"
"3","2026 Skyrim AE Remaster; LoreRim; Skyrim Enhanced 2026","45799","Smooth Magic Casting Animation","22300","Animation"
"3","2026 Skyrim AE Remaster; LoreRim; The 2026 *MOSTLY* Graphical Mod-list","37306","JS Purses and Septims SE","20636","Models and Textures"
"3","2026 Skyrim AE Remaster; Gate To Sovngarde; LoreRim","63471","NPC Animation Remix (OAR)","15670","Animation"
"3","2026 Skyrim AE Remaster; LoreRim; Skyrim Enhanced 2026","37737","Believable weapons","15057","Weapons"
"3","2026 Skyrim AE Remaster; LoreRim; Skyrim Enhanced 2026","78106","Disable Turn Animation NG","14522","Animation"
"3","2026 Skyrim AE Remaster; Gate To Sovngarde; LoreRim","98308","Open Animation Replacer - IED Conditions","14264","Utilities"
"3","2026 Skyrim AE Remaster; Gate To Sovngarde; LoreRim","47202","BA Bard Songs","14174","Audio"
"3","2026 Skyrim AE Remaster; LoreRim; The 2026 *MOSTLY* Graphical Mod-list","29316","Inferno - Fire Effects Redux","13997","Models and Textures"
"3","Gate To Sovngarde; Skyrim Enhanced 2026; The 2026 *MOSTLY* Graphical Mod-list","3484","Civil War Aftermath SE","13761","Gameplay"
"3","2026 Skyrim AE Remaster; Gate To Sovngarde; LoreRim","65921","ElSopa - Quivers Redone SE","13446","Models and Textures"
"3","2026 Skyrim AE Remaster; Gate To Sovngarde; LoreRim","46714","Super Fast Get Up Animation","13443","Animation"
"3","2026 Skyrim AE Remaster; LoreRim; Skyrim Enhanced 2026","66286","Vanargand Animations - Crossbows","12684","Animation"
"3","2026 Skyrim AE Remaster; LoreRim; Skyrim Enhanced 2026","47710","Splashes Of Skyrim","12588","Immersion"
"3","2026 Skyrim AE Remaster; Gate To Sovngarde; LoreRim","85085","Weapon Styles - Draw-Sheathe animations for IED","12377","Animation"
"3","2026 Skyrim AE Remaster; Gate To Sovngarde; LoreRim","75481","Use Those Blankets","11937","Immersion"
"3","Gate To Sovngarde; LoreRim; Skyrim Enhanced 2026","67557","Lively Children Animations (OAR)","11526","Animation"
"3","2026 Skyrim AE Remaster; Gate To Sovngarde; LoreRim","9030","Detailed Rugs","10819","Models and Textures"
"3","Gate To Sovngarde; LoreRim; The 2026 *MOSTLY* Graphical Mod-list","52322","Animated Forge Water","10743","Visuals and Graphics"
"3","2026 Skyrim AE Remaster; Gate To Sovngarde; LoreRim","57539","Dark Brotherhood Armor SE","10617","Armour"
"3","Gate To Sovngarde; JKs Interiors All In One; LoreRim","61416","JK's Guild HQ Interiors Patch Collection","10484","Patches"
"3","Gate To Sovngarde; LoreRim; The 2026 *MOSTLY* Graphical Mod-list","65394","JS Unique Utopia SE - Daggers","10459","Models and Textures"
"3","2026 Skyrim AE Remaster; LoreRim; Skyrim Enhanced 2026","77359","Scaleform Translation Plus Plus NG","10334","User Interface"
"3","2026 Skyrim AE Remaster; Gate To Sovngarde; LoreRim","46201","Missives - Notes Retexture","10191","Models and Textures"
"3","2026 Skyrim AE Remaster; Gate To Sovngarde; LoreRim","49346","Stendarr Rising - The Hall of the Vigilant Rebuild","9650","Buildings"
"3","2026 Skyrim AE Remaster; Gate To Sovngarde; LoreRim","114790","ImGui Icons","9091","User Interface"
"3","Gate To Sovngarde; LoreRim; Skyrim Enhanced 2026","63029","Conditional tavern cheering (OAR)","8838","Animation"
"3","2026 Skyrim AE Remaster; LoreRim; The 2026 *MOSTLY* Graphical Mod-list","84978","Iron Armors and Weapons Retexture SE","8720","Models and Textures"
"3","2026 Skyrim AE Remaster; Gate To Sovngarde; LoreRim","75349","Lunar Guard Armor","8704","Armour"
"3","2026 Skyrim AE Remaster; LoreRim; The 2026 *MOSTLY* Graphical Mod-list","85445","Steel Armors and Weapons Retexture SE","8699","Models and Textures"
"3","2026 Skyrim AE Remaster; Gate To Sovngarde; LoreRim","77947","Reverb Interior Sounds Expansion (SRD - Rain Thunder Ambience - Fixes)","8634","Audio"
"3","2026 Skyrim AE Remaster; Gate To Sovngarde; LoreRim","135254","Next-Gen Decapitations [A]","8621","Combat"
"3","2026 Skyrim AE Remaster; Gate To Sovngarde; LoreRim","82382","Flame Atronach SE","8546","Creatures and Mounts"
"3","2026 Skyrim AE Remaster; LoreRim; The 2026 *MOSTLY* Graphical Mod-list","87283","Elven Armors and Weapons Retexture SE","8524","Models and Textures"
"3","2026 Skyrim AE Remaster; Gate To Sovngarde; LoreRim","102226","JS Unique Utopia SE - Rings","8337","Models and Textures"
"3","LoreRim; Skyrim Enhanced 2026; The 2026 *MOSTLY* Graphical Mod-list","120075","QuickLoot IE - A QuickLoot EE Fork","8214","User Interface"
"3","2026 Skyrim AE Remaster; LoreRim; The 2026 *MOSTLY* Graphical Mod-list","90153","Leather Armors Retexture SE","8003","Models and Textures"
"3","2026 Skyrim AE Remaster; LoreRim; The 2026 *MOSTLY* Graphical Mod-list","24324","Medieval Candlehorns and Sconces","7770","Models and Textures"
"3","2026 Skyrim AE Remaster; LoreRim; The 2026 *MOSTLY* Graphical Mod-list","84607","Orcish Armors and Weapons Retexture SE","7728","Models and Textures"
"3","Gate To Sovngarde; LoreRim; Skyrim Enhanced 2026","71418","Wade In Water Redone","7681","Immersion"
"3","2026 Skyrim AE Remaster; LoreRim; The 2026 *MOSTLY* Graphical Mod-list","91136","Ancient Nord Armors and Weapons Retexture SE","7624","Models and Textures"
"3","2026 Skyrim AE Remaster; LoreRim; The 2026 *MOSTLY* Graphical Mod-list","60144","Shaders of Solstheim - Ash and Moss","7592","Visuals and Graphics"
"3","Gate To Sovngarde; LoreRim; Skyrim Enhanced 2026","37792","Chapter II - Jeremy Soule Inspired Music","7448","Audio"
"3","2026 Skyrim AE Remaster; Gate To Sovngarde; LoreRim","78267","Animals Swim (Sort of)","7435","Bug Fixes"
"3","2026 Skyrim AE Remaster; LoreRim; The 2026 *MOSTLY* Graphical Mod-list","131560","Deep Slumber - A Dwemer Bed Replacer","7373","Models and Textures"
"3","2026 Skyrim AE Remaster; Gate To Sovngarde; LoreRim","84160","Improved Table Sit Transition Animations","7224","Animation"
"3","2026 Skyrim AE Remaster; LoreRim; Skyrim Enhanced 2026","85260","Native EditorID Fix","7079","Bug Fixes"
"3","2026 Skyrim AE Remaster; Gate To Sovngarde; LoreRim","60495","ElSopa - HD Iron Tools Redone SE","6998","Models and Textures"
"3","Gate To Sovngarde; LoreRim; The 2026 *MOSTLY* Graphical Mod-list","95989","Zero Bounty Hostility Fix - Now as a unnecessary SKSE plugin","6950","Bug Fixes"
"3","2026 Skyrim AE Remaster; Gate To Sovngarde; LoreRim","101101","Dragon Priests Retexture SE","6941","Models and Textures"
"3","2026 Skyrim AE Remaster; Gate To Sovngarde; LoreRim","86338","Falmer Overhaul - New models and textures","6850","Models and Textures"
"3","2026 Skyrim AE Remaster; LoreRim; The 2026 *MOSTLY* Graphical Mod-list","40418","High Poly Blackreach Mushrooms","6812","Models and Textures"
"3","2026 Skyrim AE Remaster; LoreRim; The 2026 *MOSTLY* Graphical Mod-list","134836","Cozy Cots - A Cot Replacer","6626","Models and Textures"
"3","2026 Skyrim AE Remaster; LoreRim; The 2026 *MOSTLY* Graphical Mod-list","133717","Malacath's Chosen - An Orc Furniture Replacer","6545","Models and Textures"
"3","2026 Skyrim AE Remaster; Gate To Sovngarde; LoreRim","45735","Vigilant Armors and Weapons Retexture SE","6196","Weapons and Armour"
"3","2026 Skyrim AE Remaster; Gate To Sovngarde; LoreRim","100975","Disk Cache Enabler","5998","Miscellaneous"
"3","2026 Skyrim AE Remaster; LoreRim; The 2026 *MOSTLY* Graphical Mod-list","96204","Stalhrim Armors and Weapons Retexture SE","5953","Models and Textures"
"3","2026 Skyrim AE Remaster; LoreRim; The 2026 *MOSTLY* Graphical Mod-list","90711","Falmer Armors and Weapons Retexture SE","5904","Models and Textures"
"3","2026 Skyrim AE Remaster; LoreRim; The 2026 *MOSTLY* Graphical Mod-list","105771","Unique Armors and Weapons Retexture SE","5861","Models and Textures"
"3","2026 Skyrim AE Remaster; LoreRim; The 2026 *MOSTLY* Graphical Mod-list","132997","Redoran Reverie - A Dunmer Bed Replacer","5820","Models and Textures"
"3","2026 Skyrim AE Remaster; Gate To Sovngarde; LoreRim","81043","Dwemer Armor SE","5795","Armour"
"3","2026 Skyrim AE Remaster; LoreRim; The 2026 *MOSTLY* Graphical Mod-list","85447","JS Knapsacks SE","5687","Models and Textures"
"3","2026 Skyrim AE Remaster; Gate To Sovngarde; LoreRim","123170","Draugrs - New models and textures","5668","Models and Textures"
"3","2026 Skyrim AE Remaster; Gate To Sovngarde; LoreRim","120255","Follower Dialogue Expansion - Jenassa","5615","Followers & Companions"
"3","Gate To Sovngarde; LoreRim; The 2026 *MOSTLY* Graphical Mod-list","65346","Windhelm Fence 3D","5471","Models and Textures"
"3","2026 Skyrim AE Remaster; LoreRim; The 2026 *MOSTLY* Graphical Mod-list","94859","Bonemold Armors and Weapons Retexture SE","5316","Models and Textures"
"3","2026 Skyrim AE Remaster; Gate To Sovngarde; LoreRim","79753","Dremora Markynaz Armor SE","5284","Armour"
"3","2026 Skyrim AE Remaster; Gate To Sovngarde; LoreRim","168432","Immersive Dialogue Expansion - Thalmor","5248","Immersion"
"3","2026 Skyrim AE Remaster; Gate To Sovngarde; LoreRim","142450","HDT-SMP Vanilla Armors","5231","Armour"
"3","2026 Skyrim AE Remaster; Gate To Sovngarde; LoreRim","74560","The Great City of Winterhold Patch Collection","4820","Patches"
"3","2026 Skyrim AE Remaster; Gate To Sovngarde; LoreRim","97674","Ultimate Animated Potions NG","4818","Animation"
"3","2026 Skyrim AE Remaster; Gate To Sovngarde; LoreRim","83527","Night Mother","4779","Models and Textures"
"3","2026 Skyrim AE Remaster; LoreRim; The 2026 *MOSTLY* Graphical Mod-list","66037","FYX - 3D Stockades - Walls and Gate","4727","Models and Textures"
"3","2026 Skyrim AE Remaster; Gate To Sovngarde; LoreRim","74785","Ryn's Saarthal","4612","Immersion"
"3","Gate To Sovngarde; LoreRim; The 2026 *MOSTLY* Graphical Mod-list","36042","lilebonymace's patches and xEdit scripts","4479","Patches"
"3","2026 Skyrim AE Remaster; Gate To Sovngarde; LoreRim","122487","Follower Dialogue Expansion - Uthgerd the Unbroken","4408","Followers & Companions"
"3","2026 Skyrim AE Remaster; LoreRim; The 2026 *MOSTLY* Graphical Mod-list","66261","Praedy's Soul Cairn - SE","4324","Models and Textures"
"3","2026 Skyrim AE Remaster; Gate To Sovngarde; LoreRim","99142","ElSopa - Shields Redone - Part I","4225","Models and Textures"
"3","2026 Skyrim AE Remaster; LoreRim; The 2026 *MOSTLY* Graphical Mod-list","114607","Ignoble Beds - A Noble and Upper Class Bed Replacer","4037","Models and Textures"
"3","2026 Skyrim AE Remaster; Gate To Sovngarde; LoreRim","112454","Ysmir Armor SE","3925","Armour"
"3","Gate To Sovngarde; LoreRim; Skyrim Enhanced 2026","96865","Alternate Perspective - Voiced Addon","3833","Quests and Adventures"
"3","2026 Skyrim AE Remaster; LoreRim; The 2026 *MOSTLY* Graphical Mod-list","62868","Inigo Official Patch SE","3683","Patches"
"3","2026 Skyrim AE Remaster; LoreRim; The 2026 *MOSTLY* Graphical Mod-list","109535","ElSopa - Safe And Strongbox Redone","3621","Models and Textures"
"3","Gate To Sovngarde; LoreRim; Skyrim Enhanced 2026","47225","Vampire Feeding Tweaks","3578","Gameplay"
"3","2026 Skyrim AE Remaster; LoreRim; The 2026 *MOSTLY* Graphical Mod-list","47204","Praedy's Chantry of Auriel - SE","3569","Models and Textures"
"3","2026 Skyrim AE Remaster; LoreRim; The 2026 *MOSTLY* Graphical Mod-list","119847","Khajiit Has Tents","3486","Models and Textures"
"3","2026 Skyrim AE Remaster; LoreRim; The 2026 *MOSTLY* Graphical Mod-list","42508","Yee Haaaa Horse Saddle Retexture","3400","Models and Textures"
"3","2026 Skyrim AE Remaster; Gate To Sovngarde; LoreRim","123113","DCA - Dragon Combat Animations","3282","Animation"
"3","2026 Skyrim AE Remaster; Gate To Sovngarde; LoreRim","111461","TMD The Rift Leaves","3266","Environmental"
"3","2026 Skyrim AE Remaster; Gate To Sovngarde; LoreRim","120998","Frogs- Mihail Monsters and Animals (SE-AE version)","3164","Creatures and Mounts"
"3","2026 Skyrim AE Remaster; LoreRim; The 2026 *MOSTLY* Graphical Mod-list","81558","Rabbit Replacer- Mihail Monsters and Animals (SE-AE version)","3054","Creatures and Mounts"
"3","2026 Skyrim AE Remaster; Gate To Sovngarde; LoreRim","95121","Ring-necked Pheasants - Mihail Monsters and Animals (SE-AE version)","2881","Creatures and Mounts"
"3","2026 Skyrim AE Remaster; Gate To Sovngarde; LoreRim","38547","Wounds Overlays For RaceMenu","2878","Body, Face, and Hair"
"3","Gate To Sovngarde; LoreRim; The 2026 *MOSTLY* Graphical Mod-list","88503","Esbern Voice Consistency Fix","2602","Immersion"
"3","LoreRim; Skyrim Enhanced 2026; The 2026 *MOSTLY* Graphical Mod-list","163710","Skyrim Revoiced","2543","Audio"
"3","2026 Skyrim AE Remaster; Gate To Sovngarde; LoreRim","140804","Sprint Stuttering Fix","2515","Bug Fixes"
"3","2026 Skyrim AE Remaster; LoreRim; The 2026 *MOSTLY* Graphical Mod-list","118892","The Royal Seat - A Noble and Upperclass Bench Chair and Throne Replacer","2392","Models and Textures"
"3","Gate To Sovngarde; LoreRim; Skyrim Enhanced 2026","145336","Stealth Detection Fixes","2367","Bug Fixes"
"3","2026 Skyrim AE Remaster; LoreRim; Skyrim Enhanced 2026","119571","Music Type Distributor","2356","Utilities"
"3","2026 Skyrim AE Remaster; LoreRim; The 2026 *MOSTLY* Graphical Mod-list","81556","Hanging Dead Rabbits Replacer- Mihail's Shards of Immersion (SE-AE version)","2316","Items and Objects - World"
"3","Gate To Sovngarde; LoreRim; The 2026 *MOSTLY* Graphical Mod-list","62466","Vittorias Alternate Wedding","2300","Quests and Adventures"
"3","2026 Skyrim AE Remaster; Gate To Sovngarde; The 2026 *MOSTLY* Graphical Mod-list","15801","Shields of the Holds - Guard Shields","2221","Armour"
"3","Gate To Sovngarde; LoreRim; The 2026 *MOSTLY* Graphical Mod-list","139025","Shouts of Stallholders","2126","Immersion"
"3","2026 Skyrim AE Remaster; LoreRim; The 2026 *MOSTLY* Graphical Mod-list","166987","SIGMA - Magic animations - 1st person","2052","Animation"
"3","2026 Skyrim AE Remaster; LoreRim; The 2026 *MOSTLY* Graphical Mod-list","142493","Enhanced Rocks and Mountains - Fix and Addon","1972","Models and Textures"
"3","2026 Skyrim AE Remaster; LoreRim; The 2026 *MOSTLY* Graphical Mod-list","92592","Stairs of Safety - Farmhouses","1885","Buildings"
"3","2026 Skyrim AE Remaster; LoreRim; The 2026 *MOSTLY* Graphical Mod-list","134461","Comfy Coffins","1759","Models and Textures"
"3","2026 Skyrim AE Remaster; Gate To Sovngarde; LoreRim","141047","Sleepwalking Into A Nightmare - New Daedric Prince Quest","1742","Quests and Adventures"
"3","2026 Skyrim AE Remaster; LoreRim; The 2026 *MOSTLY* Graphical Mod-list","132172","On The Mend - A Healing Altar Replacer","1688","Models and Textures"
"3","Gate To Sovngarde; LoreRim; The 2026 *MOSTLY* Graphical Mod-list","60077","Dunmeri Furniture in Gray Quarter","1607","Items and Objects - World"
"3","Gate To Sovngarde; LoreRim; The 2026 *MOSTLY* Graphical Mod-list","145795","Arch-Curate Vyrthur Revoiced","1245","Audio"
"3","2026 Skyrim AE Remaster; Gate To Sovngarde; LoreRim","72117","Rob's Bug Fixes - TGC Solitude","1008","Bug Fixes"
