"Item","ModId","Name","Installed","As"
"A-0","98163","OStim Standalone","False",""
"A-0","63512","Toys and Love","False",""
"A-1","45148","Conditional Expressions","False",""
"A-1","38563","FK's Diverse Racial Skeletons","False",""
"F-1","50258","Animation Motion Revolution","True","Animation Motion Revolution"
"F-1","75167","AnimObject Swapper","True","AnimObject Swapper"
"F-1","60805","Base Object Swapper","True","Base Object Swapper"
"F-1","78146","Behavior Data Injector","True","Behavior Data Injector"
"F-1","33261","Bug Fixes SSE","True","Bug Fixes SSE"
"F-1","120152","Container Distribution Framework","True","Container Distribution Framework"
"F-1","52276","Crafting Recipe Distributor","True","Crafting Recipe Distributor"
"F-1","59818","Crash Logger SSE","True","CrashLogger"
"F-1","96273","Dynamic Activation Key","True","Dynamic Activation Key"
"F-1","87706","Dynamic Key Action Framework","False",""
"F-1","127918","Dynamic Magic Modification Framework","True","Dynamic Magic Modification Framework (DMMF) v1.1.0"
"F-1","29932","Flat World Map Framework","False",""
"F-1","74037","FormList Manipulator","True","FormList Manipulator - FLM"
"F-1","15109","Fuz Ro D-oh","True","Fuz Ro D'oh"
"F-1","53000","MCM Helper","True","MCM Helper"
"F-1","11669","Mfg Fix","True","MfgFix"
"F-1","52641","Navigator navmesh fixes","True","Navigator - Navmesh Fixes"
"F-1","81469","Object Categorization Framework","True","Object Categorization Framework"
"F-1","92109","Open Animation Replacer","True","Open Animation Replacer"
"F-1","22854","Papyrus Extender","True","Papyrus Extender"
"F-1","77779","Papyrus Tweaks NG","True","Papyrus Tweaks 4.1.1"
"F-1","127999","Perk Adjuster","True","Perk Adjuster"
"F-1","51073","powerofthree's Tweaks","True","powerofthree's Tweaks"
"F-1","78744","Precision Locational Damage","False",""
"F-1","77815","Sound Record Distributor","True","Sound Record Distributor"
"F-1","85968","Spell Extender","True","Spell Extender"
"F-1","78159","Universal Support","True","Behavior Data Injector Universal Support"
"F-2","41780","Custom Skills Framework","False",""
"F-3","54309","Auto Input Switch","False",""
"F-4","34549","Blade and Blunt","False",""
"F-4","100570","Dynamic Block Hit","False",""
"F-4","72347","Precision","True","Precision"
"F-4","110508","Stagger Effect Fix","False",""
"F-7","26686","Aetherius","False",""
"F-7","14910","Andromeda","False",""
"F-7","1315","Imperious","False",""
"F-7","33411","Mundus","True","Mundus - A Standing Stone Overhaul"
"F-7","90659","Stormcrown","False",""
"F-8","96876","Gourmet","False",""
"F-8","111890","NPCs Take Cover","False",""
"F-8","21061","Penitus Oculatus","False",""
"F-8","53143","Prelude to Purgatory","False",""
"F-8","2345","Realistic AI Detection","False",""
"F-8","132292","SkyParkour v3","False",""
"F-8","40102","Smart NPC Potions","False",""
"F-8","95196","Sorcerer","False",""
"F-8","40802","Undeath - Classical Lichdom","False",""
"F-8","56144","YASTM soul trap manager","False",""
"R-1","63969","Seasonal Alchemy","False",""
"R-1","63700","Seasonal Wildlife Distribution","False",""
"R-1","62861","Seasons of Skyrim SKSE","False",""
"R-1","63463","Shrubs of Snow","False",""
"R-1","63623","Turn of the Seasons","False",""
"R-2","21654","AI Overhaul SSE","True","AI Overhaul AE 1.9.5"
"R-2","42538","Fixed and Patched","False",""
"R-2","22075","Guard Dialogue Overhaul","True","Guard Dialogue Overhaul - ESL"
"R-2","52416","Improved","False",""
"R-2","70428","NPCs React To Necromancy","True","NPCs React To Necromancy"
"R-2","22374","Skyrim Reputation","False",""
"R-2","107492","To Frenzy","True","NPCs React To Frenzy"
"R-2","91480","To Invisibility","True","NPCs React To Invisibility"
"R-2","24720","To Your Face","False",""
"R-3","50307","Alternate Perspective","False",""
"R-3","52704","At Your Own Pace","True","At Your Own Pace - College of Winterhold"
"R-3","33411","Mundus","True","Mundus - A Standing Stone Overhaul"
"R-3","3850","The Choice is Yours","True","The Choice is Yours"
"R-3","33256","Thieves Guild Requirements","True","Thieves Guild Requirements SE"
"R-3","25464","Timing is Everything","True","Timing is Everything SE"
"R-3","167166","Why I Came to Skyrim: Origin Stories","True","Why I Came to Skyrim - Origin Stories"
"R-4","12466","Audio Overhaul","True","Audio Overhaul for Skyrim (4.1.3)"
"R-4","38886","Dirt and Blood","True","Dirt and Blood"
"R-4","60741","Dynamic Things Alternative","False",""
"R-4","62001","Immersive Equipment Displays","True","Immersive Equipment Displays for 1.6.629 and newer"
"R-4","47670","Immersive Interactions","True","Immersive Interactions - Animated Actions"
"R-4","18330","Immersive World Encounters","False",""
"R-4","17576","Missives","False",""
"R-4","50049","Simple Dual Sheath","True","Simple Dual Sheath for 1.6.629 and newer"
"U-1","166086","Norden UI","False",""
"U-1","160916","Oathvein UI","True","Oathvein UI"
"U-1","463","SkyHUD","True","SkyHUD - Patch 0901B"
"U-1","75188","Untarnished UI","False",""
"U-1","176230","Vel'dun UI","False",""
"U-1","136793","Widescreen Scale Removed","True","Widescreen Scale Removed"
"U-2","56367","A Clear Map of Skyrim and Other Worlds","False",""
"V-1","26913","Depths of Skyrim","False",""
"V-1","97713","FYX Water Mesh Optimization","False",""
"V-1","42854","Loki's Wade In Water","False",""
"V-1","26138","Skyrim Landscape and Water Fixes","False",""
"V-2","2393","Ethereal Clouds","False",""
"V-2","22780","R.A.S.S.","False",""
"V-2","80419","Rain Extinguishes Fires","False",""
"V-2","68025","Soaking Wet","False",""
"V-2","29273","Volumetric Mists","False",""
"V-3","43158","Lux","False",""
"V-3","153919","Lux CS","False",""
"V-3","56095","Lux Orbis","False",""
"V-4","146873","Core Impact Framework","False",""
"V-4","2407","Dust Effects","False",""
"V-4","139953","Elemental Mastery Magic","False",""
"V-4","3532","Frozen Electrocuted Combustion","False",""
"X-1","10917","Beyond Skyrim - Bruma SE","False",""
"X-1","15996","Project AHO","False",""
"X-1","70917","Sirenroot","False",""
"X-1","1179","The Forgotten City","False",""
"X-1","6180","Undeath Remastered","False",""
"X-1","11849","VIGILANT SE","False",""
"X-1","31519","Wares of Tamriel","False",""
"X-1","45565","Wyrmstooth","False",""
"X-2","37982","Capital Whiterun Expansion","False",""
"X-2","42990","Capital Windhelm Expansion","False",""
"X-2","28952","Dawnstar","False",""
"X-2","56731","Falkreath","False",""
"X-2","40094","Fortified Whiterun","False",""
"X-2","42639","Kynesgrove","False",""
"X-2","36350","Mixwater Mill","False",""
"X-2","34168","Morthal","False",""
"X-2","33189","Old Hroldan","False",""
"X-2","22243","Solitude","False",""
"X-2","17127","Winterhold","False",""
"X-3","68793","3D Clover","False",""
"X-3","42032","3D Pine Grass","False",""
"X-3","94791","3D Pine Shrubs","False",""
"X-3","33474","Cathedral 3D Rocky Shores","False",""
"X-3","80687","DrJacopo's 3D Landscapes and Grass Library","False",""
"X-3","94462","Fabled Forests","False",""
"X-3","91285","Grass Sampler Fix","False",""
"X-3","56907","Happy Little Trees Add-On","False",""
"X-3","45952","Mari's flora","False",""
"X-3","60756","Mountain Flowers","False",""
"X-3","35639","No Grassias","False",""
"X-4","110260","Animated Ships","False",""
"X-4","78772","Daedric Shrines AIO","False",""
"X-4","46507","Dwemer Pipework Reworked","False",""
"X-4","20382","Nordic Ruins of Skyrim","False",""
"X-4","17732","Skyrim 3D Rocks","False",""
"X-4","4819","Unique Border Gates","False",""
"X-4","49305","Whiterun Watchtower Doesn't Start Broken","False",""
"X-5","91160","Environs Master Plugin","False",""
"X-5","29882","Lawbringer","False",""
"X-6","51798","Dungeons - Revisited","False",""
"X-6","12186","Hammet's Dungeon Pack","False",""
"X-6","2625","Hidden Hideouts of Skyrim","False",""
"Y-1","32349","Actor Limit Fix","True","Actor Limit Fix"
"Y-1","32117","Assorted mesh fixes","True","Assorted Mesh Fixes"
"Y-1","79473","Auto Parallax","False",""
"Y-1","92454","Dual Casting Fix","True","Dual Casting Fix"
"Y-1","42839","Equip Enchantment Fix","True","Equip Enchantment Fix for 1.6.629 and newer"
"Y-1","42441","Face Discoloration Fix","True","Face Discoloration Fix SE"
"Y-1","148746","Inertia floating gear fix","True","Inertia - Latest Version"
"Y-1","69326","NPC AI Process Position Fix","True","NPC AI Process Position Fix - NG"
"Y-1","43532","Scrambled Bugs","True","Scrambled Bugs - Anniversary Edition (1.6.629.0 and later)"
"Y-1","18975","Unofficial Creation Club Content Patches","True","Unofficial Creation Club Content Patch"
"Y-1","68139","Vanilla Scripting Enhancements","True","Loose Version"
"Y-2","35978","Animated Armoury","True","Animated Armoury - Immersive Weapons Patch"
"Y-2","87169","Comprehensive First Person Animation Overhaul","True","Comprehensive First Person Animation Overhaul"
"Y-2","45148","Conditional Expressions","False",""
"Y-2","63232","EVG Animated Traversal","True","EVG Animated Traversal"
"Y-2","34006","EVG Conditional Idles","True","EVG Conditional Idles"
"Y-2","19181","Expressive Facial Animation Female","True","Expressive Facial Animation Female"
"Y-2","70204","Goetia magic casting","True","Goetia Animations"
"Y-2","36889","Jump Behavior Overhaul","True","Jump Behavior Overhaul"
"Y-2","19532","Male","True","Expressive Facial Animation Male"
"Y-2","99621","Paired Animation Improvements","True","Paired Animation Improvements"
"Y-2","65089","Payload Interpreter","True","Payload Interpreter"
"Y-3","52130","Apothecary","False",""
"Y-3","19608","Encounter Zones Unlocked","False",""
"Y-3","51847","Headhunter","False",""
"Y-3","61015","Honed Metal","False",""
"Y-3","57138","Thaumaturgy","False",""
"Y-4","1461","Inigo","True","Inigo"
"Y-4","20035","Lucien","True","Lucien"
"Y-4","51874","Remiel","True","Remiel"
"Y-4","11278","Song of the Green (Auri)","True","Song of the Green - Auri"
"Y-5","65708","Caught Red Handed","False",""
"Y-5","66666","College of Winterhold","False",""
"Y-5","57285","House of Horrors","False",""
"Y-5","80974","Innocence Lost","False",""
"Y-5","22206","Konahrik's Accoutrements","False",""
"Y-5","20514","Obscure's College of Winterhold","False",""
"Y-5","51711","Paarthurnax","False",""
"Y-5","72772","Skyrim Extended Cut - Saints and Seducers","False",""
"Y-5","57683","The Only Cure","False",""
"Y-5","76606","The Whispering Door","False",""
"Y-6","56123","CoMAP marker addons","False",""
"Y-6","79975","ConsolePlusPlus","True","ConsolePlusPlus"
"Y-6","85702","Inventory Interface Information Injector","True","Inventory Interface Information Injector"
"Y-6","12688","moreHUD SE","True","moreHUD SE"
"Y-6","27859","Skyrim Souls RE","True","Skyrim Souls RE"
"Y-7","35382","aMidianBorn Book of Silence","True","aMidianBorn Book of Silence"
"Y-7","34100","Armor Variants Expansion","False",""
"Y-7","1067","Beards","False",""
"Y-7","901","Book Covers Skyrim","True","Book Covers Skyrim"
"Y-7","4294","Gemling Queen Jewelry","True","Gemling Queen Jewelry"
"Y-7","55030","HDT-SMP for Cloaks and Capes","False",""
"Y-7","824","Improved closefaced helmets","True","Improved Closefaced Helmets"
"Y-7","3240","Left Hand Rings Modified","False",""
"Y-7","112481","Nirn Necessities SMP","False",""
"Y-7","63979","Vanilla hair remake","False",""
"Y-8","21220","Alternate Conversation Camera","False",""
"Y-8","667","Campfire","False",""
"Y-8","29194","Interesting NPCs (3DNPC)","False",""
"Y-8","13409","Patch Compendium","False",""
"Y-8","2650","RS Children Overhaul","False",""
"Z-1","61251","LOD Unloading Bug Fix","False",""
"Z-1","97155","SCROTE script optimization","False",""
"Z-1","160704","Skyrim Cell Load Freeze Fix NG","False",""
"Z-1","62413","WIDeadBodyCleanupScript Crash Fix","False",""
"Z-2","91701","Photo Mode","False",""
"Z-3","99619","Artificer","False",""
"Z-3","43500","Enhanced Reanimation","False",""
"Z-3","59529","Lock Add-ons","False",""
"Z-3","4455","Lost Grimoire","False",""
"Z-3","49681","Open World Loot","False",""
"Z-3","54099","Pilgrim - A Religion Overhaul","False",""
"Z-3","62781","Regional Locks","False",""
"Z-3","148388","Sanguine Symphony","False",""
"Z-3","58224","Security Overhaul SKSE - Lock Variations","False",""
"Z-3","66908","Take a Peek","False",""
"Z-4","36063","Authentic Eyes","False",""
"Z-4","1139","Horns Are Forever","False",""
"Z-4","62508","Koralina's Freckles and Moles","False",""
"Z-4","63181","Valkyr HDT-SMP Hairstyles","False",""
"Z-4","19594","Weathered Nordic Bodypaints","False",""
"Z-5","132629","Chevalier's Armor Set HDT-SMP","False",""
"Z-5","1953","Face Masks of Skyrim","False",""
"Z-5","107437","Gryphonknight Regalia SMP and PBR","False",""
"Z-5","141700","Master Thief Armor 3BA-BHUNP","False",""
"Z-5","13571","Pierced Ears","False",""
"Z-5","49030","Reforging - To the Masses","False",""
"Z-5","2385","Wizard Hats","False",""
"Z-7","67725","Better Blended Mushrooms","False",""
"Z-7","79332","Better Butterflies","False",""
"Z-7","18033","Cathedral Snow","False",""
"Z-7","8766","Farmhouse Chimneys","False",""
"Z-7","19077","GKB Waves","False",""
"Z-7","78702","Simple Snow Improvements","False",""
"Z-7","112902","Skyking Signs","False",""
